{"cameraMode":{"drawMode":0,"name":"Shaded","section":"Shading Mode"},"sceneLighting":false,"audioPlay":false,"sceneViewState":{"showFog":true,"showMaterialUpdate":false,"showSkybox":true,"showFlares":true,"showImageEffects":true,"showParticleSystems":true},"in2DMode":false,"pivot":{"x":2.706064224243164,"y":4.096640586853027,"z":9.729734420776368},"rotation":{"x":0.17921385169029237,"y":-0.08663370460271836,"z":0.015846284106373788,"w":0.9798601865768433},"size":9.203186988830567,"orthographic":false}