{"cameraMode":{"drawMode":0,"name":"Shaded","section":"Shading Mode"},"sceneLighting":false,"audioPlay":false,"sceneViewState":{"showFog":true,"showMaterialUpdate":false,"showSkybox":true,"showFlares":true,"showImageEffects":true,"showParticleSystems":true},"in2DMode":false,"pivot":{"x":-2.9272499084472658,"y":4.419536590576172,"z":9.606460571289063},"rotation":{"x":0.17921385169029237,"y":-0.08663370460271836,"z":0.015846284106373788,"w":0.9798601865768433},"size":14.145610809326172,"orthographic":false}