{"cameraMode":{"drawMode":0,"name":"Shaded","section":"Shading Mode"},"sceneLighting":false,"audioPlay":false,"sceneViewState":{"showFog":true,"showMaterialUpdate":false,"showSkybox":true,"showFlares":true,"showImageEffects":true,"showParticleSystems":true},"in2DMode":false,"pivot":{"x":0.16827383637428285,"y":3.2699599266052248,"z":4.425660133361816},"rotation":{"x":-0.13215576112270356,"y":0.028837118297815324,"z":-0.00384624395519495,"w":-0.990801990032196},"size":8.571958541870118,"orthographic":true}