{"cameraMode":{"drawMode":0,"name":"Shaded","section":"Shading Mode"},"sceneLighting":false,"audioPlay":false,"sceneViewState":{"showFog":true,"showMaterialUpdate":false,"showSkybox":true,"showFlares":true,"showImageEffects":true,"showParticleSystems":true},"in2DMode":false,"pivot":{"x":-0.019384145736694337,"y":3.923877239227295,"z":-0.41674137115478518},"rotation":{"x":-0.04405425861477852,"y":0.038045283406972888,"z":-0.001684350660070777,"w":-0.9983030557632446},"size":6.820600986480713,"orthographic":false}