{"cameraMode":{"drawMode":0,"name":"Shaded","section":"Shading Mode"},"sceneLighting":false,"audioPlay":false,"sceneViewState":{"showFog":true,"showMaterialUpdate":false,"showSkybox":true,"showFlares":true,"showImageEffects":true,"showParticleSystems":true},"in2DMode":false,"pivot":{"x":0.00000762939453125,"y":0.0,"z":-0.0000152587890625},"rotation":{"x":0.14053313434123994,"y":-0.0014851101441308857,"z":0.00021080137230455875,"w":0.990074872970581},"size":428.6826477050781,"orthographic":false}