{"cameraMode":{"drawMode":0,"name":"Shaded","section":"Shading Mode"},"sceneLighting":false,"audioPlay":false,"sceneViewState":{"showFog":true,"showMaterialUpdate":false,"showSkybox":true,"showFlares":true,"showImageEffects":true,"showParticleSystems":true},"in2DMode":false,"pivot":{"x":0.036385178565979007,"y":4.813438892364502,"z":-0.037181735038757327},"rotation":{"x":0.017756294459104539,"y":0.9575021266937256,"z":-0.28147080540657046,"w":0.060403961688280109},"size":10.609208106994629,"orthographic":false}