{"cameraMode":{"drawMode":0,"name":"Shaded","section":"Shading Mode"},"sceneLighting":false,"audioPlay":false,"sceneViewState":{"showFog":true,"showMaterialUpdate":false,"showSkybox":true,"showFlares":true,"showImageEffects":true,"showParticleSystems":true},"in2DMode":false,"pivot":{"x":-0.000284731388092041,"y":3.857333183288574,"z":4.770549774169922},"rotation":{"x":0.17921385169029237,"y":-0.08663370460271836,"z":0.015846284106373788,"w":0.9798601865768433},"size":4.220573425292969,"orthographic":false}